library,real,user,sys
ipywidgets,14.85,12.373,1.795
matplotlib,5.864999999999999,5.118,0.5635
numpy,3.1237500000000002,2.7640000000000002,0.31075
pandas,6.5515,5.85375,0.6027500000000001
python-dateutil,1.068,0.86,0.147
requests,1.919,1.618,0.204
scikit-learn,7.131,6.457999999999999,0.595
scipy,5.9030000000000005,5.21025,0.6399999999999999
seaborn,11.217,10.197000000000001,0.805
voila,13.724,11.402999999999999,1.5030000000000001
